Data;ID_Veiculo;KM Percorridos;ValorAbastecimento;ValorManutencao;CustoFixo;CustoTotal
10/2021;2025;113;39.5175;17.2575;145.98;202.755
10/2021;2035;394;623.355;232.90500000000003;1684.56;2540.82
10/2021;2045;936;381.4275;188.7225;1087.26;1657.41
10/2021;2055;559;934.7175;464.5575;2946.3;4345.575000000001
10/2021;2065;860;1358.5500000000002;642.255;3953.9700000000003;5954.775
10/2021;2075;295;255.015;136.7175;1132.5075;1524.24
10/2021;2085;449;959.4825;421.0725;2340.6225;3721.1775
10/2021;2095;358;155.835;80.63250000000001;673.02;909.4875000000001
10/2021;2105;694;1300.53;629.04;4138.2675;6067.8375
10/2021;2115;698;1193.9250000000002;528.915;4827.87;6550.710000000001
10/2021;2125;385;106.6575;40.2525;282.65999999999997;429.57
10/2021;2135;311;130.155;49.11749999999999;426.39;605.6624999999999
10/2021;2145;468;525.6675;247.3725;2100.7124999999996;2873.7525
10/2021;2155;679;84.74249999999999;43.845;290.265;418.8525
10/2021;2165;355;105.21000000000001;47.49;307.23749999999995;459.9375
10/2021;2175;494;1505.04;614.7375;4442.9925;6562.77
10/2021;2185;636;161.07750000000001;65.475;560.085;786.6374999999999
10/2021;2195;573;116.805;61.792500000000004;320.2725;498.87
10/2021;2205;289;482.12250000000006;179.2275;1726.185;2387.535
10/2021;2215;533;478.22249999999997;169.7775;1602.0;2250.0
10/2021;2225;482;249.58499999999998;103.44;808.2450000000001;1161.27
10/2021;2235;264;3667.755;1476.3600000000001;8610.2025;13754.317500000001
10/2021;2245;695;925.8000000000001;408.2025;2887.5225;4221.525
10/2021;2255;738;233.84250000000003;95.51249999999999;608.985;938.3399999999999
10/2021;2265;395;788.5049999999999;323.6325;2247.8025000000002;3359.94
10/2021;2275;631;1184.9775;626.9175;3179.5499999999997;4991.445
10/2021;2285;766;319.1925;171.12;849.33;1339.6425
10/2021;2295;550;1304.9250000000002;616.9124999999999;4140.75;6062.5875
10/2021;2305;516;199.8225;81.615;581.8725000000001;863.31
10/2021;2315;966;239.45999999999998;122.8125;632.985;995.2574999999999
10/2021;2325;484;693.1875;246.09;1699.1399999999999;2638.4175
10/2021;2335;93;64.85249999999999;25.3425;211.45499999999998;301.65
10/2021;2345;479;310.04999999999995;112.935;924.1125000000001;1347.0975
10/2021;2355;144;4.74;2.1075;13.5225;20.37
10/2021;2365;256;368.1675;167.7375;1364.475;1900.38
10/2021;2375;634;1915.6725000000001;986.865;5093.43;7995.967500000001
10/2021;2385;325;793.8675000000001;363.375;2349.5475;3506.79
10/2021;2395;523;179.5575;64.08;700.6949999999999;944.3325
10/2021;2405;591;554.1375;210.1875;1425.7275;2190.0525000000002
10/2021;2415;372;497.9925;257.685;1763.25;2518.9275000000002
10/2021;2425;256;479.93999999999994;224.82;1613.535;2318.295
10/2021;2435;366;179.4075;94.9125;507.21;781.53
10/2021;2445;362;459.52500000000003;174.3;1340.7075;1974.5325
10/2021;2455;529;1044.3225;388.22249999999997;3002.5724999999998;4435.1175
10/2021;2465;603;1490.385;757.5525;5530.4025;7778.34
10/2021;2475;519;140.805;53.677499999999995;422.9325;617.415
10/2021;2485;170;67.5375;29.355;252.89249999999998;349.78499999999997
10/2021;2495;427;303.255;144.0225;895.89;1343.1675
10/2021;2505;340;573.1500000000001;217.4025;1481.1525;2271.705
10/2021;2515;309;42.435;15.9375;125.1975;183.57
10/2021;2525;646;776.4449999999999;391.14;2149.4175;3317.0025
10/2021;2535;218;397.2825;206.49;1337.6100000000001;1941.3825000000002
10/2021;2545;400;119.28;60.09;477.65250000000003;657.0225
10/2021;2555;335;230.41500000000002;93.2025;614.4000000000001;938.0175
10/2021;2565;297;210.09;88.76249999999999;526.71;825.5625
10/2021;2575;373;151.35750000000002;81.1425;420.5925;653.0925
10/2021;2585;162;19.38;8.5425;69.375;97.29749999999999
10/2021;2595;522;248.95499999999998;92.5425;952.0500000000001;1293.5475000000001
10/2021;2605;206;191.7;77.16;571.3199999999999;840.1800000000001
10/2021;2615;122;13.1025;6.022499999999999;39.9075;59.0325
10/2021;2625;1016;690.4575;346.2675;1742.6999999999998;2779.425
10/2021;2635;561;1124.415;519.465;3337.5675;4981.4475
10/2021;2645;243;39.96;17.1225;113.82750000000001;170.91
10/2021;2655;540;76.3575;29.9925;199.245;305.59499999999997
10/2021;2665;308;289.1925;115.27499999999999;697.6274999999999;1102.095
10/2021;2675;405;702.9749999999999;321.7725;2715.21;3739.9574999999995
10/2021;2685;601;281.865;148.46249999999998;901.9499999999999;1332.2775
10/2021;2695;225;238.785;100.39500000000001;682.4475;1021.6275
10/2021;2705;319;67.38749999999999;32.894999999999996;180.615;280.8975
10/2021;2715;307;1863.8025000000002;999.1800000000001;5067.7125;7930.695
10/2021;2725;766;852.3225;374.04;3122.4375;4348.799999999999
10/2021;2735;185;110.0925;46.065;341.1675;497.32500000000005
10/2021;2745;219;275.70000000000005;131.535;865.3799999999999;1272.615
10/2021;2755;187;28.275000000000002;12.18;69.78;110.23499999999999
10/2021;2765;702;1006.89;411.26250000000005;3340.74;4758.8925
10/2021;2775;968;3650.19;1370.6999999999998;8368.147500000001;13389.037499999999
10/2021;2785;1065;119.7225;57.38250000000001;423.255;600.36
10/2021;2795;273;113.5725;57.465;380.685;551.7225
10/2021;2805;355;416.265;154.7475;1536.045;2107.0575
10/2021;2815;298;67.065;27.0;205.5075;299.5725
10/2021;2825;258;62.0025;31.3725;228.615;321.99
10/2021;2835;614;137.6475;64.77;539.04;741.4575
10/2021;2845;500;45.345;17.6325;133.2225;196.20000000000002
10/2021;2855;339;308.145;117.465;746.865;1172.475
10/2021;2865;1136;557.265;235.4325;1403.145;2195.8424999999997
10/2021;2875;545;636.2025;333.6225;1623.2925;2593.1175
10/2021;2885;287;394.81499999999994;186.645;973.2450000000001;1554.705
10/2021;2895;494;31.5;12.870000000000001;81.6825;126.0525
10/2021;2905;286;346.9275;122.5275;1011.4725000000001;1480.9275
10/2021;2915;443;261.7725;93.9;947.1524999999999;1302.8249999999998
10/2021;2925;328;1568.6399999999999;731.415;5603.924999999999;7903.98
10/2021;2935;321;130.785;60.705;360.34499999999997;551.835
10/2021;2945;253;86.88749999999999;31.162499999999998;350.415;468.46500000000003
10/2021;2955;350;1454.7075;568.53;4720.8825;6744.12
10/2021;2965;231;15.015;6.9375;60.5775;82.53
10/2021;2975;393;214.68;100.56;617.4225;932.6624999999999
10/2021;2985;496;179.07;93.0675;713.88;986.0175
10/2021;2995;609;177.51;93.09;596.7075;867.3075000000001
10/2021;3005;308;311.4525;131.57999999999998;1247.9175;1690.9499999999998
10/2021;3015;252;118.58250000000001;60.0;487.76250000000005;666.345
10/2021;3025;447;777.8174999999999;377.9325;2843.3849999999998;3999.135
10/2021;3035;106;27.262500000000003;13.365;73.1775;113.805
10/2021;3045;683;395.66249999999997;147.825;909.69;1453.1775
10/2021;3055;415;106.3575;38.745;327.555;472.6575
10/2021;3065;321;180.5625;67.125;548.73;796.4175
10/2021;3075;351;146.39249999999998;52.7775;357.18;556.3499999999999
10/2021;3085;645;787.1924999999999;352.02;2333.985;3473.1975
10/2021;3095;258;2232.855;1109.7450000000001;7006.005;10348.605
10/2021;3105;869;330.12;119.6325;861.4725000000001;1311.225
10/2021;3115;402;378.165;140.57999999999998;1388.3925;1907.1374999999998
10/2021;3125;1025;373.8525;174.315;978.7574999999999;1526.9250000000002
10/2021;3135;349;3006.9674999999997;1474.35;7796.265;12277.5825
10/2021;3145;373;74.46000000000001;37.8525;303.6675;415.98
10/2021;3155;499;120.81;43.56;460.59749999999997;624.9675
10/2021;3165;71;11.0775;4.8375;44.8425;60.75750000000001
10/2021;3175;306;533.28;278.40749999999997;1732.785;2544.4725
10/2021;3185;773;747.21;280.59000000000003;2353.1175;3380.9175000000005
10/2021;3195;206;155.04;74.985;419.76;649.785
10/2021;3205;711;188.02499999999998;71.3175;734.3025;993.645
10/2021;3215;398;98.1525;50.79;270.615;419.5575
10/2021;3225;332;412.1475;195.735;1626.9675;2234.8500000000004
10/2021;3235;481;119.16;46.5675;386.6925;552.42
10/2021;3245;521;483.27;232.6875;1427.6325;2143.59
10/2021;3255;457;1146.915;596.115;4688.8125;6431.842500000001
10/2021;3265;526;43.792500000000004;16.035;135.04500000000002;194.8725
10/2021;3275;330;108.83250000000001;44.8875;458.70000000000005;612.42
10/2021;3285;297;380.88750000000005;134.52;916.2750000000001;1431.6825000000001
10/2021;3295;1244;1145.58;546.5625;3784.0425000000005;5476.1849999999995
10/2021;3305;751;1586.13;666.9000000000001;3723.18;5976.21
10/2021;3315;770;2564.8650000000002;929.4975;8596.8675;12091.23
10/2021;3325;841;1327.365;544.8;4886.549999999999;6758.715
10/2021;3335;555;268.8975;104.5725;786.3675000000001;1159.8375
10/2021;3345;671;407.29499999999996;187.29749999999999;1477.17;2071.7625
10/2021;3355;426;554.145;231.8775;1639.965;2425.9875
10/2021;3365;557;186.2925;85.6725;622.6575;894.6225
10/2021;3375;623;117.9825;58.3725;378.21;554.5649999999999
10/2021;3385;667;315.255;141.6375;815.79;1272.6825000000001
10/2021;3395;458;23.887500000000003;10.7775;80.505;115.17
10/2021;3405;267;789.315;327.11249999999995;3064.9575;4181.385
10/2021;3415;267;31.7025;14.7825;83.01;129.495
10/2021;3425;673;567.72;211.0425;1870.0874999999999;2648.8500000000004
10/2021;3435;243;53.595;28.23;136.38;218.20499999999998
10/2021;3445;589;67.4325;30.1575;233.235;330.82500000000005
10/2021;3455;445;573.2475000000001;221.8275;2171.61;2966.685
10/2021;3465;676;254.47500000000002;108.02250000000001;781.0350000000001;1143.5325
10/2021;3475;583;941.685;435.04499999999996;3722.2799999999997;5099.01
10/2021;3485;246;982.0875000000001;445.365;3177.24;4604.6925
10/2021;3495;323;103.0725;46.087500000000006;275.7975;424.9575
10/2021;3505;591;91.3425;38.04;253.4025;382.78499999999997
10/2021;3515;558;217.17000000000002;79.10249999999999;500.15250000000003;796.4250000000001
10/2021;3525;535;165.8943;70.092;696.762;932.7483
10/2021;3535;234;950.4;433.0062;2286.1079999999997;3669.5142
10/2021;3545;560;704.6028;293.4162;1797.5628;2795.5818
10/2021;3555;308;250.6878;97.4952;646.6184999999999;994.8015
10/2021;3565;172;80.5959;38.1051;196.9902;315.6912
10/2021;3575;112;17.0379;7.3062;47.0448;71.38889999999999
10/2021;3585;988;147.6288;77.7645;603.2565000000001;828.6498
10/2021;3595;585;147.08429999999998;55.7964;378.4473;581.3280000000001
10/2021;3605;479;541.6587;222.3144;1370.0213999999999;2133.9945000000002
10/2021;3615;364;186.00119999999998;99.7128;686.0898;971.8038
10/2021;3625;197;198.4059;86.6547;729.3825;1014.4431000000001
10/2021;3635;253;2563.3872;1338.2721;6787.8261;10689.4854
10/2021;3645;627;56.5191;27.086399999999998;248.14350000000002;331.749
10/2021;3655;257;730.3725;268.7652;2506.6206;3505.7583
10/2021;3665;394;89.57520000000001;40.817699999999995;277.0713;407.4642
10/2021;3675;425;44.421299999999995;21.3939;111.09779999999999;176.91299999999998
10/2021;3685;228;1800.0674999999999;823.9374;5303.4992999999995;7927.5042
10/2021;3695;487;53.895599999999995;25.0173;218.8791;297.79200000000003
10/2021;3705;17;32.1156;11.4048;107.0586;150.57899999999998
10/2021;3715;187;5.2668;2.2077;16.1667;23.641199999999998
10/2021;3725;131;557.2908;244.5597;1907.1063;2708.9568
10/2021;3735;343;93.9114;44.807399999999994;390.7332;529.452
10/2021;3745;513;1212.2154;605.1968999999999;3689.8884;5507.300700000001
10/2021;3755;222;39.659400000000005;18.4041;138.0852;196.1487
10/2021;3765;19;258.5484;94.6539;682.5951;1035.7974
10/2021;3775;248;76.9725;34.5807;235.9764;347.5296
10/2021;3785;346;113.9589;46.777499999999996;479.6352;640.3716000000001
10/2021;3795;211;91.9413;48.6387;284.13;424.71
10/2021;3805;210;46.728;16.5825;166.08239999999998;229.3929
10/2021;3815;243;394.64369999999997;152.7075;1111.2948;1658.6460000000002
10/2021;3825;260;91.5453;48.8664;326.0664;466.4781
10/2021;3835;244;107.0784;45.6687;415.0773;567.8244
10/2021;3845;390;12.474;6.2568;37.8675;56.5983
10/2021;3855;346;408.9888;148.9752;1366.0416;1924.0056
10/2021;3865;429;316.9188;122.6412;1006.3647;1445.9247
10/2021;3875;577;226.60109999999997;116.74080000000001;977.2191;1320.5610000000001
10/2021;3885;497;388.41659999999996;148.8168;1131.1839;1668.4173
10/2021;3895;514;4967.3745;1846.5876;11905.7202;18719.6823
10/2021;3905;423;408.6522;163.6965;1698.8796;2271.2283
10/2021;3915;425;183.3183;78.1902;685.9907999999999;947.4993000000001
10/2021;3925;485;631.6893;329.7789;1917.1844999999998;2878.6527
10/2021;3935;449;241.2729;91.98089999999999;800.2467;1133.5005
10/2021;3945;348;303.5736;148.8465;1307.9583;1760.3784
10/2021;3955;584;1338.2028;559.9638;3668.3064;5566.473
10/2021;3965;506;194.04989999999998;96.8814;618.2154;909.1467
10/2021;3975;311;1110.6711;510.75089999999994;3801.3921;5422.8141000000005
10/2021;3985;189;139.73850000000002;70.71570000000001;486.4167;696.8709
10/2021;3995;404;148.2822;53.192699999999995;594.8811;796.356
10/2021;4005;353;458.0136;209.64239999999998;1650.5874;2318.2434
10/2021;4015;77;13.8996;6.039;46.7379;66.67649999999999
10/2021;4025;213;88.76339999999999;47.1735;253.5786;389.5155
10/2021;4035;581;372.6855;135.7587;1070.5761;1579.0203
10/2021;4045;237;78.04169999999999;31.2543;187.70399999999998;297.0
10/2021;4055;217;188.6841;70.8543;455.4495;714.9879000000001
10/2021;4065;295;1265.6853;595.6236;4981.7295;6843.0383999999995
10/2021;4075;158;196.9506;82.4175;528.0561;807.4242
10/2021;4085;426;442.3419;180.675;1214.7993;1837.8162
10/2021;4095;183;9.4149;4.8114;34.0065;48.2328
10/2021;4105;285;1493.5239;589.4955;4287.0563999999995;6370.0758
10/2021;4115;210;48.9951;18.493199999999998;116.90910000000001;184.39739999999998
10/2021;4125;68;61.6176;26.6607;172.8936;261.1719
10/2021;4135;487;725.7293999999999;359.073;1807.9974;2892.7998
10/2021;4145;87;178.5168;67.71600000000001;723.2049;969.4377000000001
10/2021;4155;602;493.6932;258.8949;1860.5664;2613.1545
10/2021;4165;332;425.1456;199.14839999999998;1862.9226;2487.2166
10/2021;4175;277;454.4892;170.66609999999997;1202.7807;1827.9360000000001
10/2021;4185;129;24.4827;12.3354;73.42830000000001;110.2464
10/2021;4195;249;1195.3953;583.4664;4713.340499999999;6492.2022
10/2021;4205;362;103.6134;48.0843;282.9618;434.6595
10/2021;4215;229;563.8743000000001;285.3279;1536.2028;2385.405
10/2021;4225;336;55.242;25.4034;225.9873;306.6327
10/2021;4235;223;484.82280000000003;226.0665;1483.2081;2194.0974
10/2021;4245;335;336.3327;161.93429999999998;1053.954;1552.221
10/2021;4255;723;215.18640000000002;84.9321;872.2098;1172.3283000000001
10/2021;4265;504;51.14339999999999;19.503;154.3509;224.9973
10/2021;4275;618;212.5134;103.72229999999999;741.4010999999999;1057.6368
10/2021;4285;196;61.2414;31.5414;228.2544;321.0372
10/2021;4295;367;113.4045;50.0049;407.95919999999995;571.3686
10/2021;4305;211;156.5784;83.5659;396.8514;636.9956999999999
10/2021;4315;28;92.1492;43.758;394.9803;530.8875
10/2021;4325;933;1236.914;634.3539999999999;4537.204;6408.471999999999
10/2021;4335;456;2784.824;1051.022;8302.896;12138.742
10/2021;4345;750;16098.264;5893.902;37126.558;59118.724
10/2021;4355;451;11578.097999999998;5549.264;30448.627999999997;47575.99
10/2021;4365;531;2332.7639999999997;980.812;6819.665999999999;10133.241999999998
10/2021;4375;698;2048.2419999999997;1064.588;5857.852;8970.681999999999
10/2021;4385;432;830.242;360.92;2202.466;3393.6279999999997
10/2021;4395;1085;870.9399999999999;332.024;3406.0879999999997;4609.052
10/2021;4405;715;4162.732;1792.5320000000002;16265.885999999999;22221.149999999998
10/2021;4415;482;192.31799999999998;72.21199999999999;474.36199999999997;738.8919999999999
10/2021;4425;876;853.062;351.834;2016.7559999999999;3221.6519999999996
10/2021;4435;595;1182.076;563.9759999999999;3727.4859999999994;5473.538
10/2021;4445;558;1348.522;707.154;4230.814;6286.49
10/2021;4455;867;1328.166;696.486;3860.948;5885.599999999999
10/2021;4465;914;1640.5479999999998;793.5059999999999;7148.847999999999;9582.902
10/2021;4475;628;448.01399999999995;171.654;1068.7879999999998;1688.456
10/2021;4485;202;187.81;72.32399999999998;550.256;810.39
10/2021;4495;1055;5458.264;2060.002;22198.19;29716.456
10/2021;4505;394;1877.96;883.75;4888.45;7650.159999999999
10/2021;4515;352;784.126;303.436;2537.6539999999995;3625.216
10/2021;4525;500;9031.428;4269.6359999999995;26285.434;39586.498
10/2021;4535;956;11852.316;5706.666;31351.837999999996;48910.82
10/2021;4545;1565;1165.01;571.228;5019.545999999999;6755.784000000001
10/2021;4555;506;2557.5759999999996;912.6739999999999;9876.859999999999;13347.109999999999
10/2021;4565;272;64.75;31.738;267.638;364.1259999999999
10/2021;4575;514;276.51399999999995;139.29999999999998;1189.594;1605.394
10/2021;4585;429;132.23;66.612;380.88399999999996;579.7259999999999
10/2021;4595;367;637.9799999999999;225.32999999999996;1438.85;2302.16
10/2021;4605;322;373.72999999999996;194.25;1258.3059999999998;1826.2859999999998
10/2021;4615;136;961.9959999999999;458.97599999999994;2570.5399999999995;3991.5119999999997
10/2021;4625;948;1316.7839999999999;622.524;5695.745999999999;7635.053999999999
10/2021;4635;569;1795.1499999999999;694.6519999999999;4464.936;6954.737999999999
10/2021;4645;1776;1045.786;526.8199999999999;3740.2679999999996;5312.874
10/2021;4655;838;720.804;300.174;1846.9219999999998;2867.8999999999996
10/2021;4665;336;369.138;155.20399999999998;1289.9879999999998;1814.33
10/2021;4675;881;2451.96;1274.4199999999998;11060.854;14787.233999999999
10/2021;4685;1085;1494.682;722.9459999999999;5351.066;7568.6939999999995
10/2021;4695;823;4379.354;1867.936;15985.045999999998;22232.336
10/2021;4705;419;2343.11;929.39;6735.147999999999;10007.648
10/2021;4715;1116;1346.954;684.656;5047.182;7078.7919999999995
10/2021;4725;872;7075.599999999999;2779.0;17144.288;26998.887999999995
10/2021;4735;451;3244.1499999999996;1701.1960000000001;8985.214;13930.56
10/2021;4745;627;3502.66;1733.0039999999997;11024.173999999999;16259.838
10/2021;4755;330;341.43199999999996;174.32799999999997;1051.904;1567.664
10/2021;4765;563;944.1039999999999;356.31399999999996;3625.398;4925.816
10/2021;4775;352;101.472;42.672;387.74399999999997;531.888
10/2021;4785;598;444.668;158.676;1744.2740000000001;2347.6179999999995
10/2021;4795;425;446.474;166.81;1791.7759999999998;2405.06
10/2021;4805;681;1064.812;379.974;4069.6879999999996;5514.473999999999
10/2021;4815;1024;4853.785999999999;1906.366;14906.99;21667.142
10/2021;4825;1559;1811.796;802.6339999999999;7032.928;9647.358
10/2021;4835;810;591.556;259.602;2526.468;3377.626
10/2021;4845;1287;1670.214;760.9559999999999;5238.156;7669.326
10/2021;4855;418;2131.08;1127.448;5407.766;8666.294
10/2021;4865;1114;1685.936;880.1800000000001;6664.517999999999;9230.634
10/2021;4875;274;50.26;25.214000000000002;214.78799999999998;290.262
10/2021;4885;719;4428.857999999999;2181.3679999999995;18716.319999999996;25326.546
10/2021;4895;775;696.64;368.56399999999996;2049.446;3114.6499999999996
10/2021;4905;896;3085.922;1526.812;7956.031999999999;12568.766
10/2021;4915;1400;1168.972;419.29999999999995;3210.1299999999997;4798.401999999999
10/2021;4925;828;755.7059999999999;372.204;2558.08;3685.99
10/2021;4935;1104;5315.282;2332.61;15318.757999999998;22966.649999999998
10/2021;4945;883;1383.1019999999999;606.97;4077.2059999999997;6067.278
10/2021;4955;736;720.1879999999999;287.07;2328.032;3335.2899999999995
10/2021;4965;627;2884.504;1248.016;9781.688;13914.207999999999
10/2021;4975;132;172.368;66.038;477.51199999999994;715.918
10/2021;4985;774;310.268;156.296;1300.712;1767.2759999999998
10/2021;4995;973;1093.162;414.652;4118.366;5626.179999999999
10/2021;5005;615;1983.8839999999998;711.62;7178.1219999999985;9873.626
10/2021;5015;121;1023.218;464.01599999999996;2510.718;3997.9519999999993
10/2021;5025;1670;6131.076;2741.676;19384.428;28257.18
10/2021;5035;1352;4823.126;2451.582;16893.744;24168.451999999997
10/2021;5045;55;134.708;71.27399999999999;568.386;774.3679999999999
10/2021;5055;456;1393.504;550.0179999999999;3500.532;5444.054
10/2021;5065;828;1835.8899999999996;775.6139999999999;5184.017999999999;7795.521999999999
10/2021;5075;766;1482.166;647.388;3534.16;5663.714
10/2021;5085;849;824.922;325.59799999999996;3326.218;4476.737999999999
10/2021;5095;1043;377.958;164.304;1007.048;1549.31
10/2021;5105;409;1451.73;658.336;3718.848;5828.914
10/2021;5115;743;23695.994;10646.02;75376.896;109718.90999999999
10/2021;5145;117;36.113;15.323;99.418;150.85399999999998
10/2021;5155;175;131.175;64.02000000000001;342.54;537.735
10/2021;5175;117;22.044;9.009;82.69800000000001;113.751
10/2021;5185;117;128.568;60.786;389.697;579.051
10/2021;5195;117;40.21600000000001;16.181;161.359;217.75600000000003
10/2021;5205;117;730.961;314.765;2284.623;3330.3490000000006
10/2021;5215;58;70.653;25.212000000000003;248.97400000000002;344.83900000000006
10/2021;5235;58;37.323;14.080000000000002;86.031;137.434
10/2021;5255;58;3.608;1.9250000000000003;12.727000000000002;18.26
10/2021;5275;117;57.34300000000001;23.419;201.608;282.37
10/2021;5285;117;65.21900000000001;26.510000000000005;224.56500000000003;316.29400000000004
10/2021;5305;117;85.95400000000001;35.101000000000006;207.911;328.966
10/2021;5315;58;58.608000000000004;23.595000000000002;151.316;233.519
10/2021;5325;117;43.461;18.018;175.901;237.38000000000002
10/2021;5335;58;49.863;25.795;163.779;239.437
10/2021;5345;58;38.412000000000006;19.096;106.78800000000001;164.29600000000002
10/2021;5355;117;1101.155;474.177;3198.3930000000005;4773.725
10/2021;5375;175;32.494;15.928000000000003;132.924;181.34600000000003
10/2021;5395;58;9.372;4.29;39.083000000000006;52.745000000000005
10/2021;5405;233;264.858;140.12900000000002;822.2500000000001;1227.237
10/2021;5415;58;17.303;6.6000000000000005;66.308;90.21100000000001
10/2021;5435;58;36.201;14.014000000000001;144.419;194.63400000000001
10/2021;5455;117;819.753;344.663;3348.84;4513.256
10/2021;5465;117;83.09400000000001;31.988;252.58200000000002;367.66400000000004
10/2021;5495;58;52.14;21.923000000000002;165.616;239.679
10/2021;5505;117;330.836;144.507;1222.3090000000002;1697.652
10/2021;5515;58;26.972;10.076;72.88600000000001;109.93400000000001
10/2021;5525;117;480.98600000000005;237.97400000000002;1371.0400000000002;2090.0
10/2021;5535;117;187.44000000000003;93.159;590.8100000000001;871.4090000000001
10/2021;5545;58;428.31800000000004;202.48800000000003;1246.586;1877.3920000000003
10/2021;5555;117;267.795;143.561;1189.2540000000001;1600.6100000000001
10/2021;5575;58;47.333000000000006;20.779000000000003;115.46700000000001;183.579
10/2021;5595;58;9.614;4.9719999999999995;41.514;56.1
10/2021;5615;58;24.211000000000002;11.715000000000002;77.04400000000001;112.97000000000001
10/2021;5645;117;1237.1260000000002;548.0530000000001;5002.580000000001;6787.759
10/2021;5655;58;62.260000000000005;23.496000000000002;165.0;250.75600000000003
10/2021;5665;58;52.08500000000001;19.657000000000004;170.643;242.38500000000002
10/2021;5695;58;18.821;8.855000000000002;75.22900000000001;102.905
10/2021;5705;175;24.266000000000002;12.551000000000002;83.09400000000001;119.91100000000002
10/2021;5715;58;643.3240000000001;290.37800000000004;1878.646;2812.348
10/2021;5725;58;0.47300000000000003;0.18700000000000003;1.3970000000000002;2.0570000000000004
10/2021;5735;58;370.931;150.76600000000002;1289.739;1811.4360000000001
10/2021;5745;58;37.07000000000001;19.613;101.65100000000001;158.334
10/2021;5755;175;53.72400000000001;19.976000000000003;192.35700000000003;266.057
10/2021;5765;58;0.5060000000000001;0.17600000000000002;1.6830000000000003;2.365
10/2021;5775;117;42.724000000000004;17.710000000000004;138.36900000000003;198.803
10/2021;5785;175;327.65700000000004;131.89000000000001;769.186;1228.7330000000002
10/2021;5815;117;374.308;165.044;1167.474;1706.8260000000002
10/2021;5835;117;27.643;11.297;71.995;110.935
10/2021;5845;58;39.49;16.203000000000003;112.552;168.245
10/2021;5855;58;62.72200000000001;33.187000000000005;168.311;264.22
10/2021;5865;58;22.088;11.847000000000001;58.773;92.70800000000001
10/2021;5885;58;29.722;14.058;94.325;138.10500000000002
10/2021;5895;117;60.577000000000005;24.750000000000004;176.407;261.73400000000004
10/2021;5905;233;608.014;311.82800000000003;1607.188;2527.03
10/2021;5915;58;705.969;250.63500000000002;1730.4760000000003;2687.0800000000004
10/2021;5945;58;11.528000000000002;4.4990000000000006;37.576;53.603
10/2021;5955;58;16.775000000000002;6.116;50.00600000000001;72.897
10/2021;5965;117;150.359;66.924;429.38500000000005;646.668
10/2021;5975;175;336.963;153.52700000000002;1248.819;1739.3090000000002
10/2021;5985;117;552.1120000000001;284.427;1467.9720000000002;2304.5110000000004
10/2021;5995;58;91.047;41.668000000000006;269.456;402.17100000000005
10/2021;6005;117;78.59500000000001;28.05;306.713;413.358
10/2021;6015;58;13.409;5.082000000000001;34.507000000000005;52.998000000000005
10/2021;6035;58;19.976000000000003;10.329;70.73;101.035
10/2021;6045;233;287.78200000000004;134.805;967.505;1390.092
10/2021;6065;58;6.2700000000000005;3.311;17.721;27.302000000000003
10/2021;6075;181;125.2173;47.500899999999994;365.3408;538.0590000000001
10/2021;6085;117;10.7379;3.9867000000000004;30.8557;45.5803
10/2021;6095;432;590.6427;300.215;2191.7052999999996;3082.563
10/2021;6105;530;174.1538;66.3965;523.0919;763.6422
10/2021;6115;243;1670.5534;726.2293000000001;6255.8501;8652.6328
10/2021;6125;371;597.3357;283.6959;1764.721;2645.7526
10/2021;6135;415;351.4892;133.32649999999998;908.3468;1393.1625
10/2021;6145;260;565.3354;212.29420000000002;1667.7501;2445.3797
10/2021;6165;224;804.8575;405.45029999999997;2228.0609;3438.3687
10/2021;6175;281;792.2378;411.7747;2667.4127;3871.4251999999997
10/2021;6185;272;506.6698;255.2361;2028.9587;2790.8646
10/2021;6195;231;144.6755;58.5201;385.77869999999996;588.9743000000001
10/2021;6205;301;398.7476;168.45989999999998;999.6625999999999;1566.8700999999999
10/2021;6215;234;1496.5354;802.287;4158.5355;6457.3579
10/2021;6225;218;66.28009999999999;29.2261;237.2717;332.7779
10/2021;6235;137;70.6451;26.2579;270.1547;367.0577
10/2021;6245;348;412.97749999999996;166.2386;1230.8427000000001;1810.0588
10/2021;6255;548;1369.6690999999998;629.8501;4171.834199999999;6171.3534
10/2021;6265;350;4242.566599999999;2127.6562;10708.1113;17078.3341
10/2021;6275;117;231.85909999999998;107.11710000000001;688.215;1027.1912
10/2021;6285;94;1.9108999999999998;0.8245;5.4514;8.1868
10/2021;6305;296;3612.0569;1418.6638;9425.373599999999;14456.0943
10/2021;6315;339;1665.9847;664.062;4018.8651999999997;6348.9119
10/2021;6325;578;622.74;285.0442;2405.2993;3313.0835
10/2021;6345;331;99.25039999999998;52.282999999999994;317.5974;469.13079999999997
10/2021;6355;327;2410.5663999999997;1013.5336000000001;6889.4637999999995;10313.5638
10/2021;6365;211;630.4709;307.7228;1689.7982;2627.9919
10/2021;6375;42;51.4779;27.5965;139.9613;219.0357
10/2021;6385;415;1190.5488999999998;522.4711;4361.508;6074.527999999999
10/2021;6395;259;142.2117;59.5095;440.69039999999995;642.4115999999999
10/2021;6405;230;2371.4075;1131.4080000000001;7443.479299999999;10946.2948
10/2021;6415;102;513.6732;221.19879999999998;1267.499;2002.371
10/2021;6425;58;38.7709;15.8304;128.6123;183.21359999999999
10/2021;6435;175;300.8358;112.96619999999999;689.6603;1103.4623
10/2021;6445;58;0.2716;0.1261;0.9506;1.3482999999999998
10/2021;6455;259;561.6397;284.2003;1882.673;2728.513
10/2021;6465;91;53.3985;19.8559;197.04579999999999;270.3002
10/2021;6475;144;220.5489;88.7744;675.7893;985.1126
10/2021;6485;233;244.9735;123.966;903.264;1272.2034999999998
10/2021;6495;182;41.176500000000004;19.3806;161.2625;221.8196
10/2021;6505;345;401.1047;155.9857;1178.3947999999998;1735.4852
10/2021;6515;225;133.53019999999998;50.90559999999999;323.6405;508.07629999999995
10/2021;6525;498;1175.6206;496.66909999999996;2960.0908;4632.380499999999
10/2021;6535;175;368.6776;193.3307;940.6768999999999;1502.6852000000001
10/2021;6545;246;4962.3841999999995;2345.9838;12232.718499999999;19541.0865
10/2021;6555;123;37.810599999999994;15.4424;98.0379;151.2909
10/2021;6565;405;867.8687;306.5103;2530.2741;3704.6531
10/2021;6575;122;122.8796;44.0768;444.58979999999997;611.5462
10/2021;6585;443;567.3820999999999;264.5578;2026.9605000000001;2858.9004
10/2021;6595;219;4600.0019;2134.9991;12674.214;19409.215
10/2021;6605;221;635.3984999999999;227.9209;2562.5557;3425.8750999999997
10/2021;6615;175;2106.2192;823.1517;6835.2117;9764.5826
10/2021;6625;222;703.9678;325.22159999999997;2839.9466;3869.136
10/2021;6635;58;69.94669999999999;32.7666;201.178;303.8913
10/2021;6645;153;444.59950000000003;231.08309999999997;1772.4422;2448.1248
10/2021;6655;144;109.79429999999999;57.5792;369.085;536.4585
10/2021;6665;117;323.56289999999996;136.7021;1296.4729;1756.7378999999999
10/2021;6675;246;727.1701999999999;367.96950000000004;2991.189;4086.3287
10/2021;6685;163;373.90590000000003;181.67129999999997;1366.8269999999998;1922.4042
10/2021;6695;101;197.81210000000002;96.99029999999999;530.9876999999999;825.7901
10/2021;6705;58;21.2139;7.9249;48.7716;77.9104
10/2021;6715;259;7611.6094;2772.5800999999997;23440.5447;33824.7342
10/2021;6725;175;129.295;48.07;392.93899999999996;570.304
10/2021;6735;58;784.3675;282.796;1913.7465;2980.91
10/2021;6745;117;226.46099999999998;101.27;671.4504999999999;999.1814999999999
10/2021;6755;117;198.6545;98.7335;623.3045;920.6924999999999
10/2021;6765;175;61.160999999999994;22.1635;159.5905;242.915
10/2021;6775;233;345.781;128.535;1269.4944999999998;1743.8104999999998
10/2021;6785;292;271.6145;126.6445;711.0844999999999;1109.3435
10/2021;6795;58;76.66499999999999;37.591499999999996;198.778;313.0345
10/2021;6805;117;63.01349999999999;32.034;256.97499999999997;352.0225
10/2021;6815;58;39.168499999999995;14.126499999999998;149.35899999999998;202.654
10/2021;6825;117;18.6295;8.1415;75.4015;102.1725
10/2021;6845;117;123.4335;64.448;401.0995;588.981
10/2021;6855;175;37.809999999999995;14.193;119.06349999999999;171.0665
10/2021;6865;233;4.3035;2.0805;11.6375;18.0215
10/2021;6875;292;100.74749999999999;38.21849999999999;393.471;532.437
10/2021;6885;175;211.2325;109.307;582.3974999999999;902.937
10/2021;6895;58;31.198;14.819999999999999;123.17699999999999;169.195
10/2021;6905;117;5.263;2.0614999999999997;17.081;24.4055
10/2021;6915;292;143.99149999999997;69.331;425.37199999999996;638.6945
10/2021;6925;117;16.406499999999998;8.531;67.0795;92.017
10/2021;6935;175;23.7785;8.702;73.321;105.8015
10/2021;6945;117;38.07599999999999;15.7035;160.474;214.2535
10/2021;6955;233;76.456;26.999;183.92;287.375
10/2021;6965;117;229.78599999999997;109.63;759.031;1098.447
10/2021;6975;58;16.491999999999997;6.935;38.7125;62.13949999999999
10/2021;6985;117;136.515;49.466499999999996;457.5485;643.53
10/2021;7005;117;323.551;132.8005;1191.1194999999998;1647.471
10/2021;7025;58;1.539;0.5984999999999999;4.5125;6.6499999999999995
10/2021;7035;58;0.361;0.17099999999999999;1.3299999999999998;1.8619999999999999
10/2021;7045;292;2314.9410000000003;968.6579999999999;6850.963;10134.561999999998
10/2021;7055;233;1533.3;705.09;5124.7275;7363.117499999999
10/2021;7065;117;64.42899999999999;31.872499999999995;206.53949999999998;302.84099999999995
10/2021;7075;117;67.317;30.2385;174.18249999999998;271.738
10/2021;7085;175;49.513999999999996;22.343999999999998;166.88649999999998;238.7445
10/2021;7095;58;595.764;246.89549999999997;2313.3639999999996;3156.0235
10/2021;7105;117;51.983999999999995;24.2345;136.0875;212.30599999999998
10/2021;7115;58;4.579;1.7005;15.066999999999998;21.3465
10/2021;7125;175;66.88;35.226;170.1735;272.2795
10/2021;7135;175;27.797;12.426;96.11149999999999;136.3345
10/2021;7145;58;21.755;8.417;82.3935;112.56549999999999
10/2021;7155;58;0.475;0.19949999999999998;1.4535;2.128
10/2021;7165;292;154.40349999999998;71.326;610.318;836.0474999999999
10/2021;7175;58;4.882999999999999;2.2135;15.798499999999999;22.895
10/2021;7185;58;0.45599999999999996;0.209;1.2255;1.8904999999999998
10/2021;7195;58;19.759999999999998;8.227;54.805499999999995;82.7925
10/2021;7205;58;701.347;255.474;1615.2849999999999;2572.1059999999998
10/2021;7215;117;23.379499999999997;9.879999999999999;98.18249999999999;131.43249999999998
